{
    "name": "GpuKMeansBatchCpu",
    "runtime": 115.0845148563385,
    "llc_references": 73774527.94642857,
    "llc_misses": 15416661.375,
    "instructions": 2169043370.392857,
    "cycles": 2587849930.169643,
    "gpu_core_util": 0.5892857142857143,
    "gpu_core_freq": 6500.0,
    "gpu_emc_util": 12.705357142857142,
    "gpu_emc_freq": 9330.0
}