{
  "name": "SPReceiver",
  "runtime": 214.3193166255951,
  "llc_references": 41119515.401913874,
  "llc_misses": 290487372.01435405,
  "instructions": 537903138.5550239,
  "cycles": 999708049.9138756,
  "gpu_core_util": 0.10526315789473684,
  "gpu_core_freq": 1122,
  "gpu_emc_util": 2.464114832535885,
  "gpu_emc_freq": 1600
}